classicism_n_early_romanticism;Prestormic Tales & Evocationism;;;;;;;;;;;;;
the_moon_walker;The Moon Walker;;;;;;;;;;;;;
the_moon_walker_desc;Gary and Astor came from two nations locked in the same race, each determined to be first to leave a footprint upon the moon. Gary's nation moved swiftly, and theirs were the first hands to touch the void of space. But it was Astor whose spirit carried him further still. For when the dust had settled and the sky had been reached, it was his foot, not Gary's, that first pressed into the lunar soil. History remembers the swift. Legend remembers Astor: the only Moon Walker.;;;;;;;;;;;;;
minds_of_silice;Minds of Silice;;;;;;;;;;;;;
minds_of_silice_desc;Once the prestormic men had mastered the language of numbers, they began to build machines to carry the weight of their reasoning (engines meant to quicken their pursuit of mathematics and logic, a pursuit that soon reached into every field of knowledge). So precise and so swift these inventions became at processing thought itself, that in time, their makers gave rise to minds of silice: creations able to rival the very men who built them.;;;;;;;;;;;;;
evocation_arts;Evocation Arts;;;;;;;;;;;;;
romanticism;Yishenism;;;;;;;;;;;;;
romanticist_literature;Yishen Literature;;;;;;;;;;;;;
romanticist_art;Yishen Art;;;;;;;;;;;;;
romanticist_music;Yishen Music;;;;;;;;;;;;;
realism;Structurism;;;;;;;;;;;;;
realist_literature;Structurist Literature;;;;;;;;;;;;;
realist_art;Structurist Art;;;;;;;;;;;;;
realist_music;Structurist Music;;;;;;;;;;;;;
impressionism;Vitalism;;;;;;;;;;;;;
impressionist_literature;Vitalist Literature;;;;;;;;;;;;;
impressionist_art;Vitalist Art;;;;;;;;;;;;;
impressionist_music;Vitalist Music;;;;;;;;;;;;;
expressionism;Meaningism;;;;;;;;;;;;;
expressionist_literature;Meaningist Literature;;;;;;;;;;;;;
expressionist_art;Meaningist Art;;;;;;;;;;;;;
expressionist_music;Meaningist Music;;;;;;;;;;;;;
mass_culture_n_the_avant_garde;Palimpsestism;;;;;;;;;;;;;
avantgarde_literature;Palimpsestist Literature;;;;;;;;;;;;;
avantgarde_art;Palimpsestist Art;;;;;;;;;;;;;
avantgarde_music;Palimpsestist Music;;;;;;;;;;;;;
surrealism;Concept Art;;;;;;;;;;;;;
modern_design;Urban Landscape;;;;;;;;;;;;;
jazz;Pop Culture;;;;;;;;;;;;;
late_enlightenment_philosophy;Awakening Philosophy;;;;;;;;;;;;;
idealism;Datism;;;;;;;;;;;;;
neokantian_idealism;Yangzhao Doctrine;;;;;;;;;;;;;
hegelian_idealism;Neoruism;;;;;;;;;;;;;
proto_existentialism;Proto-Unicism;;;;;;;;;;;;;
empiricism;Unicism;;;;;;;;;;;;;
pragmatism;;;;;;;;;;;;;
i_empiricism;Unicism;;;;;;;;;;;;;
analytic_philosophy;Presentialism;;;;;;;;;;;;;
phenomenology_n_hermeneutic;Bleifjinism;;;;;;;;;;;;;
anti__rationalism;The Retro-Saturation;;;;;;;;;;;;;
malthusian_thought;Hughes' Postulates;;;;;;;;;;;;;
positivism;Integrationism;;;;;;;;;;;;;
biologism;Erosionism;;;;;;;;;;;;;
darwinism;Ternithism;;;;;;;;;;;;;
social_darwinism;Social-Ternithism;;;;;;;;;;;;;
social_science;Gedrachism;;;;;;;;;;;;;
social_alienation;Social Satiation;;;;;;;;;;;;;
enlightenment_thought;The Law of the Citizen;;;;;;;;;;;;;
ideological_thought;Hei Mandate;;;;;;;;;;;;;
state_n_government;Sovereign Unity;;;;;;;;;;;;;
nationalism_n_imperialism;Vital Imperialism;;;;;;;;;;;;;
revolution_n_counterrevolution;Revolution & Counterrevolution;;;;;;;;;;;;;
mass_politics;Human Rights & Neoglobalism;;;;;;;;;;;;;
introspectionism;Voices of The Storm;;;;;;;;;;;;;
associationism;Assemblism;;;;;;;;;;;;;
phenomenalism;Stimulusim;;;;;;;;;;;;;
experimental_psychology;Plasurism;;;;;;;;;;;;;
psychoanalysis;Purpose Psychology;;;;;;;;;;;;;
behaviorism;Psychoanalysis;;;;;;;;;;;;;